barcode,title,author,subject,description,category,media,publisher,publocation,pubdate,edition,isbn,type,thumburl,keywords,callnumber
9788131702062,Engineering Thermodynamics - Work and Heat transfer (4th edition),"Gordon Rogers, Yon Mayhew",Energy,,,,,,,Fourth,978-81-317-0206-2,General,"https://images-na.ssl-images-amazon.com/images/I/517LnM6zDHL._SX366_BO1,204,203,200_.jpg",,19
9788131702062,Engineering Thermodynamics - Work and Heat transfer (4th edition),"Gordon Rogers, Yon Mayhew",Energy,,,,,,,Fourth,978-81-317-0206-2,General,"https://images-na.ssl-images-amazon.com/images/I/517LnM6zDHL._SX366_BO1,204,203,200_.jpg",,22
9788131702062,Engineering Thermodynamics - Work and Heat transfer (4th edition),"Gordon Rogers, Yon Mayhew",Energy,,,,,,,Fourth,978-81-317-0206-2,General,"https://images-na.ssl-images-amazon.com/images/I/517LnM6zDHL._SX366_BO1,204,203,200_.jpg",,27
9788131702062,Engineering Thermodynamics - Work and Heat transfer (4th edition),"Gordon Rogers, Yon Mayhew",Energy,,,,,,,Fourth,978-81-317-0206-2,General,"https://images-na.ssl-images-amazon.com/images/I/517LnM6zDHL._SX366_BO1,204,203,200_.jpg",,25
9788131702062,Engineering Thermodynamics - Work and Heat transfer (4th edition),"Gordon Rogers, Yon Mayhew",Energy,,,,,,,Fourth,978-81-317-0206-2,General,"https://images-na.ssl-images-amazon.com/images/I/517LnM6zDHL._SX366_BO1,204,203,200_.jpg",,26
9788131702062,Engineering Thermodynamics - Work and Heat transfer (4th edition),"Gordon Rogers, Yon Mayhew",Energy,,,,,,,Fourth,978-81-317-0206-2,General,"https://images-na.ssl-images-amazon.com/images/I/517LnM6zDHL._SX366_BO1,204,203,200_.jpg",,27
9788131702062,Engineering Thermodynamics - Work and Heat transfer (4th edition),"Gordon Rogers, Yon Mayhew",Energy,,,,,,,Fourth,978-81-317-0206-2,General,"https://images-na.ssl-images-amazon.com/images/I/517LnM6zDHL._SX366_BO1,204,203,200_.jpg",,30
9788131702062,Engineering Thermodynamics - Work and Heat transfer (4th edition),"Gordon Rogers, Yon Mayhew",Energy,,,,,,,Fourth,978-81-317-0206-2,General,"https://images-na.ssl-images-amazon.com/images/I/517LnM6zDHL._SX366_BO1,204,203,200_.jpg",,29
9788131702062,Engineering Thermodynamics - Work and Heat transfer (4th edition),"Gordon Rogers, Yon Mayhew",Energy,,,,,,,Fourth,978-81-317-0206-2,General,"https://images-na.ssl-images-amazon.com/images/I/517LnM6zDHL._SX366_BO1,204,203,200_.jpg",,31
9788131702062,Engineering Thermodynamics - Work and Heat transfer (4th edition),"Gordon Rogers, Yon Mayhew",Energy,,,,,,,Fourth,978-81-317-0206-2,General,"https://images-na.ssl-images-amazon.com/images/I/517LnM6zDHL._SX366_BO1,204,203,200_.jpg",,33
9788131702062,Engineering Thermodynamics - Work and Heat transfer (4th edition),"Gordon Rogers, Yon Mayhew",Energy,,,,,,,Fourth,978-81-317-0206-2,General,"https://images-na.ssl-images-amazon.com/images/I/517LnM6zDHL._SX366_BO1,204,203,200_.jpg",,23
9788131702062,Engineering Thermodynamics - Work and Heat transfer (4th edition),"Gordon Rogers, Yon Mayhew",Energy,,,,,,,Fourth,978-81-317-0206-2,General,"https://images-na.ssl-images-amazon.com/images/I/517LnM6zDHL._SX366_BO1,204,203,200_.jpg",,35
9788120327900,Fundementals of Engineering Thermodynamics (2nd edition),E.Rathakrishnan,Energy,,,,,,,Second,978-81-203-2790-0,General,https://pictures.abebooks.com/isbn/9788120327900-us.jpg,,18
9788120327900,Fundementals of Engineering Thermodynamics (2nd edition),E.Rathakrishnan,Energy,,,,,,,Second,978-81-203-2790-0,General,https://pictures.abebooks.com/isbn/9788120327900-us.jpg,,13
9788120327900,Fundementals of Engineering Thermodynamics (2nd edition),E.Rathakrishnan,Energy,,,,,,,Second,978-81-203-2790-0,General,https://pictures.abebooks.com/isbn/9788120327900-us.jpg,,11
9788120327900,Fundementals of Engineering Thermodynamics (2nd edition),E.Rathakrishnan,Energy,,,,,,,Second,978-81-203-2790-0,General,https://pictures.abebooks.com/isbn/9788120327900-us.jpg,,10
9788120327900,Fundementals of Engineering Thermodynamics (2nd edition),E.Rathakrishnan,Energy,,,,,,,Second,978-81-203-2790-0,General,https://pictures.abebooks.com/isbn/9788120327900-us.jpg,,9
9788120327900,Fundementals of Engineering Thermodynamics (2nd edition),E.Rathakrishnan,Energy,,,,,,,Second,978-81-203-2790-0,General,https://pictures.abebooks.com/isbn/9788120327900-us.jpg,,8
9788120327900,Fundementals of Engineering Thermodynamics (2nd edition),E.Rathakrishnan,Energy,,,,,,,Second,978-81-203-2790-0,General,https://pictures.abebooks.com/isbn/9788120327900-us.jpg,,6
9788120327900,Fundementals of Engineering Thermodynamics (2nd edition),E.Rathakrishnan,Energy,,,,,,,Second,978-81-203-2790-0,General,https://pictures.abebooks.com/isbn/9788120327900-us.jpg,,4
9788120327900,Fundementals of Engineering Thermodynamics (2nd edition),E.Rathakrishnan,Energy,,,,,,,Second,978-81-203-2790-0,General,https://pictures.abebooks.com/isbn/9788120327900-us.jpg,,3
9788120327900,Fundementals of Engineering Thermodynamics (2nd edition),E.Rathakrishnan,Energy,,,,,,,Second,978-81-203-2790-0,General,https://pictures.abebooks.com/isbn/9788120327900-us.jpg,,2
9788120327900,Fundementals of Engineering Thermodynamics (2nd edition),E.Rathakrishnan,Energy,,,,,,,Second,978-81-203-2790-0,General,https://pictures.abebooks.com/isbn/9788120327900-us.jpg,,1
9788120327900,Fundementals of Engineering Thermodynamics (2nd edition),E.Rathakrishnan,Energy,,,,,,,Second,978-81-203-2790-0,General,https://pictures.abebooks.com/isbn/9788120327900-us.jpg,,604
9788131718872,Modern Control Systems (11th Edition),"Richard C.Dorf, Robert H.Bishop",Control Systems,,,,,,,Eleventh,978-81-317-1887-2,General,"https://images-na.ssl-images-amazon.com/images/I/51ebsTZDLdL._SX388_BO1,204,203,200_.jpg",,639
9780471880455,Instrumentation & Control - Fundamentals and Applications,Chester L.Nachtigal,Control Systems,,,,,,,,978-0-471-88045-5,General,https://pictures.abebooks.com/isbn/9780471880455-us-300.jpg,,
9780538108904,Advanced Office Systems,"Allen N. Smith, Wilma Jean Alexander, Donald B. Medley",Business & Economics,,,,,,,,978-0-53-810890-4,General,https://pictures.abebooks.com/isbn/9780538108904-us-300.jpg,,
9780471780151,Chemical Thermodynamics - Basic Theory and Methods,Irving M. Klotz,Energy,,,,,,,,978-0-47-178015-1,General,https://pictures.abebooks.com/isbn/9780471780151-us-300.jpg,,602
9788301083298,Moving Heat Sources in Thermoelasticity,Tadeusz Roznowski,Energy,,,,Ellis Horwood + PWN,,1989,,978-8-30-108329-8,General,https://pictures.abebooks.com/isbn/9788301083298-us-300.jpg,,88
9788178085340,Gas Turbine Theory,H.I.H. Saravanamutto,Energy,,,,Pearson Education,,2006,,978-8-17-808534-0,General,https://pictures.abebooks.com/isbn/9788178085340-us-300.jpg,,58
9780882756295,Gas Power Dynamics,Alexander D. Lewis,Energy,,,,Krieger Pub Co,,1978,,978-0-88-275629-5,General,https://pictures.abebooks.com/isbn/9780882756295-us-300.jpg,,342
9780130215390,Thermodynamics and Heat Power (6th edition),"Irving  Granet, Maurice Bluestein",Energy,,,,,,,Sixth,978-0-13-021539-0,General,"https://images-na.ssl-images-amazon.com/images/I/716ET3VDCCL._SX365_BO1,204,203,200_.gif",,340
9780070473386,Basic and Applied Thermodynamics,P.K.Neg,Energy,,,,,,,,978-0-07-047338-6,General,https://pictures.abebooks.com/isbn/9780070473386-us-300.jpg,,338
9780130092359,The Expert System for Thermodynamics,Subrata Bhattacharjee,Energy,,,,,,,,978-0-13-009235-9,General,,,346
9780072350449,An Introduction to Combustion (Concept and Applications),Stephen R. Turns,Energy,,,,,,,,978-0-07-235044-9,General,,,771
9780070655324,An Introduction to Combustion (Concept and Applications - Solutions Manual),Stephen R. Turns,Energy,,,,,,,,978-0-07-065532-4,General,,,778
9780582305588,Applied Thermodynamics for Engineering Technologies,"T.D.Eastop, A.McConkey",Energy,,,,,,,,978-0-58-230558-8,General,,,790
9788129700575,Fluid Mechanics (4th Edition) ,"John F. Douglas, Janusz M. Gasiorek,John A. Swaffield",Fluid,,,,,,,Fourth,978-8-12-970057-5,General,,,57
9780070796638,Thermodynamics ,John R. Howell,Energy,,,,,,,,978-0-07-079663-8,General,,,605
9788125908371,Basic Civil and Machanical Engineering,"L.S.Jayagopal, R. Rudramoorthy",Mechanics,,,,,,,,978-8-12-590837-1,General,,,
,Introdution to the Design of Industrial Building,"W. Bates, FI Struct E",Civil,,,,,,,,,General,,,
9788177587753,Fluid Mechanics (4th Edition) ,"John F. Douglas, Janusz M. Gasiorek,John A. Swaffield",Fluid,,,,,,,Fourth,978-8-17-758775-3,General,,,54
9788177587753,Fluid Mechanics (4th Edition) ,"John F. Douglas, Janusz M. Gasiorek,John A. Swaffield",Fluid,,,,,,,Fourth,978-8-17-758775-3,General,,,51
9788177587753,Fluid Mechanics (4th Edition) ,"John F. Douglas, Janusz M. Gasiorek,John A. Swaffield",Fluid,,,,,,,Fourth,978-8-17-758775-3,General,,,42
9788177587753,Fluid Mechanics (4th Edition) ,"John F. Douglas, Janusz M. Gasiorek,John A. Swaffield",Fluid,,,,,,,Fourth,978-8-17-758775-3,General,,,56
9788177587753,Fluid Mechanics (4th Edition) ,"John F. Douglas, Janusz M. Gasiorek,John A. Swaffield",Fluid,,,,,,,Fourth,978-8-17-758775-3,General,,,58
9788177587753,Fluid Mechanics (4th Edition) ,"John F. Douglas, Janusz M. Gasiorek,John A. Swaffield",Fluid,,,,,,,Fourth,978-8-17-758775-3,General,,,41
9788177587753,Fluid Mechanics (4th Edition) ,"John F. Douglas, Janusz M. Gasiorek,John A. Swaffield",Fluid,,,,,,,Fourth,978-8-17-758775-3,General,,,48
9788177587753,Fluid Mechanics (4th Edition) ,"John F. Douglas, Janusz M. Gasiorek,John A. Swaffield",Fluid,,,,,,,Fourth,978-8-17-758775-3,General,,,59
9788177587753,Fluid Mechanics (4th Edition) ,"John F. Douglas, Janusz M. Gasiorek,John A. Swaffield",Fluid,,,,,,,Fourth,978-8-17-758775-3,General,,,47
9788177587753,Fluid Mechanics (4th Edition) ,"John F. Douglas, Janusz M. Gasiorek,John A. Swaffield",Fluid,,,,,,,Fourth,978-8-17-758775-3,General,,,44
9788177587753,Fluid Mechanics (4th Edition) ,"John F. Douglas, Janusz M. Gasiorek,John A. Swaffield",Fluid,,,,,,,Fourth,978-8-17-758775-3,General,,,40
9788177587753,Fluid Mechanics (4th Edition) ,"John F. Douglas, Janusz M. Gasiorek,John A. Swaffield",Fluid,,,,,,,Fourth,978-8-17-758775-3,General,,,49
9788177587753,Fluid Mechanics (4th Edition) ,"John F. Douglas, Janusz M. Gasiorek,John A. Swaffield",Fluid,,,,,,,Fourth,978-8-17-758775-3,General,,,39
9788177587753,Fluid Mechanics (4th Edition) ,"John F. Douglas, Janusz M. Gasiorek,John A. Swaffield",Fluid,,,,,,,Fourth,978-8-17-758775-3,General,,,52
9788177587753,Fluid Mechanics (4th Edition) ,"John F. Douglas, Janusz M. Gasiorek,John A. Swaffield",Fluid,,,,,,,Fourth,978-8-17-758775-3,General,,,46
9788177587753,Fluid Mechanics (4th Edition) ,"John F. Douglas, Janusz M. Gasiorek,John A. Swaffield",Fluid,,,,,,,Fourth,978-8-17-758775-3,General,,,55
9788177587753,Fluid Mechanics (4th Edition) ,"John F. Douglas, Janusz M. Gasiorek,John A. Swaffield",Fluid,,,,,,,Fourth,978-8-17-758775-3,General,,,45
9788131721407,Fluid Mechanics (5th Edition) ,"John F. Douglas, Janusz M. Gasiorek,John A. Swaffield, Lynne B. Jack",Fluid,,,,,,,Fifth,978-81-317-2140-7,General,https://pictures.abebooks.com/isbn/9788131721407-us-300.jpg,,
9788131721407,Fluid Mechanics (5th Edition) ,"John F. Douglas, Janusz M. Gasiorek,John A. Swaffield, Lynne B. Jack",Fluid,,,,,,,Fifth,978-81-317-2140-7,General,https://pictures.abebooks.com/isbn/9788131721407-us-300.jpg,,
9788131721407,Fluid Mechanics (5th Edition) ,"John F. Douglas, Janusz M. Gasiorek,John A. Swaffield, Lynne B. Jack",Fluid,,,,,,,Fifth,978-81-317-2140-7,General,https://pictures.abebooks.com/isbn/9788131721407-us-300.jpg,,483
9788131721407,Fluid Mechanics (5th Edition) ,"John F. Douglas, Janusz M. Gasiorek,John A. Swaffield, Lynne B. Jack",Fluid,,,,,,,Fifth,978-81-317-2140-7,General,https://pictures.abebooks.com/isbn/9788131721407-us-300.jpg,,474
9788131721407,Fluid Mechanics (5th Edition) ,"John F. Douglas, Janusz M. Gasiorek,John A. Swaffield, Lynne B. Jack",Fluid,,,,,,,Fifth,978-81-317-2140-7,General,https://pictures.abebooks.com/isbn/9788131721407-us-300.jpg,,791
9788131721407,Fluid Mechanics (5th Edition) ,"John F. Douglas, Janusz M. Gasiorek,John A. Swaffield, Lynne B. Jack",Fluid,,,,,,,Fifth,978-81-317-2140-7,General,https://pictures.abebooks.com/isbn/9788131721407-us-300.jpg,,481
9788131721407,Fluid Mechanics (5th Edition) ,"John F. Douglas, Janusz M. Gasiorek,John A. Swaffield, Lynne B. Jack",Fluid,,,,,,,Fifth,978-81-317-2140-7,General,https://pictures.abebooks.com/isbn/9788131721407-us-300.jpg,,472
9788131721407,Fluid Mechanics (5th Edition) ,"John F. Douglas, Janusz M. Gasiorek,John A. Swaffield, Lynne B. Jack",Fluid,,,,,,,Fifth,978-81-317-2140-7,General,https://pictures.abebooks.com/isbn/9788131721407-us-300.jpg,,475
9788131721407,Fluid Mechanics (5th Edition) ,"John F. Douglas, Janusz M. Gasiorek,John A. Swaffield, Lynne B. Jack",Fluid,,,,,,,Fifth,978-81-317-2140-7,General,https://pictures.abebooks.com/isbn/9788131721407-us-300.jpg,,474
9788131721407,Fluid Mechanics (5th Edition) ,"John F. Douglas, Janusz M. Gasiorek,John A. Swaffield, Lynne B. Jack",Fluid,,,,,,,Fifth,978-81-317-2140-7,General,https://pictures.abebooks.com/isbn/9788131721407-us-300.jpg,,468
9788131721407,Fluid Mechanics (5th Edition) ,"John F. Douglas, Janusz M. Gasiorek,John A. Swaffield, Lynne B. Jack",Fluid,,,,,,,Fifth,978-81-317-2140-7,General,https://pictures.abebooks.com/isbn/9788131721407-us-300.jpg,,480
9788131721407,Fluid Mechanics (5th Edition) ,"John F. Douglas, Janusz M. Gasiorek,John A. Swaffield, Lynne B. Jack",Fluid,,,,,,,Fifth,978-81-317-2140-7,General,https://pictures.abebooks.com/isbn/9788131721407-us-300.jpg,,478
9788131721407,Fluid Mechanics (5th Edition) ,"John F. Douglas, Janusz M. Gasiorek,John A. Swaffield, Lynne B. Jack",Fluid,,,,,,,Fifth,978-81-317-2140-7,General,https://pictures.abebooks.com/isbn/9788131721407-us-300.jpg,,476
9788131721407,Fluid Mechanics (5th Edition) ,"John F. Douglas, Janusz M. Gasiorek,John A. Swaffield, Lynne B. Jack",Fluid,,,,,,,Fifth,978-81-317-2140-7,General,https://pictures.abebooks.com/isbn/9788131721407-us-300.jpg,,479
9788131721407,Fluid Mechanics (5th Edition) ,"John F. Douglas, Janusz M. Gasiorek,John A. Swaffield, Lynne B. Jack",Fluid,,,,,,,Fifth,978-81-317-2140-7,General,https://pictures.abebooks.com/isbn/9788131721407-us-300.jpg,,53
9788131721407,Fluid Mechanics (5th Edition) ,"John F. Douglas, Janusz M. Gasiorek,John A. Swaffield, Lynne B. Jack",Fluid,,,,,,,Fifth,978-81-317-2140-7,General,https://pictures.abebooks.com/isbn/9788131721407-us-300.jpg,,469
9788131721407,Fluid Mechanics (5th Edition) ,"John F. Douglas, Janusz M. Gasiorek,John A. Swaffield, Lynne B. Jack",Fluid,,,,,,,Fifth,978-81-317-2140-7,General,https://pictures.abebooks.com/isbn/9788131721407-us-300.jpg,,470
9788172241896,Hydraulics and Pneumatics - A Technician's and Engineer's Guide,Andrew Parr,Fluid,,,,Jaico Publishing House,,2005,,978-8-17-224189-6,General,,,190
9780521598866,Turbulent Flows,Stephen B. Pope,Fluid,,,,Cambridge University Press,,2000,,978-0-52-159886-6,General,https://pictures.abebooks.com/isbn/9780521598866-us-300.jpg,,392
9788121921282,Irrigation Engineering (Including Hydrology),"R.K. Sharma, T.K. Sharma",Fluid,,,,S Chand & Co Ltd,,2007,,978-8-12-192128-2,General,https://pictures.abebooks.com/isbn/9788121921282-us-300.jpg,,415
9788174091338,Experiments in Fluid Mechanics ,Dr. Baljeet S. Kapoor,Fluid,,,,,,2005,,978-8-17-409133-8,General,https://pictures.abebooks.com/isbn/9788174091338-us-300.jpg,,404
,Hardness of Metals ,F.C. Lea,Material,,,,Charles Griffin,,1936,,,General,,,122?
,Prevention of the Failure of Metals under Repeated Stress,Battell memorial institute,Material,,,,John Wiley & Sons,,1941,,,General,,,113?
9780153657375,Concepts in Science,"Paul F. Brandwein, Elizabeth K. Cooper, Paul E. Blackwood, Elizabeth B. Hone, Thomas P. Fraser",Science,,,,Harcourt Brace Jovanovich,,1980,,978-0-15-365737-5,General,,,108?
,Low-cost Educational Materials (Inventory Volume 2),UNESCO,Other,,,,Unesco Regional Office for Education in Asia and Oceania,,1980,,,General,,,
9780070657571,The Mechanical Design process,David G. Ullman,Mechanics,,,,McGraw-Hill Inc.,US,1996,,978-0-07-065757-1,General,,,427
9788120321861,"Neural Networks, Fuzzy Logic and Genetic Algorithms","S. Rajasekaran, G.A. Wijayalakshmi Pai",Computer Science,"This book provides comprehensive introduction to a consortium of technologies underlying soft computing, an evolving branch of computational intelligence. The constituent technologies discussed comprise neural networks, fuzzy logic, genetic algorithms, and a number of hybrid systems which include classes such as neuro-fuzzy, fuzzy-genetic, and neuro-genetic systems. The hybridization of the technologies is demonstrated on architectures such as Fuzzy-Back-propagation Networks (NN-FL), Simplified Fuzzy ARTMAP (NN-FL), and Fuzzy Associative Memories. The book also gives an exhaustive discussion of FL-GA hybridization. Every architecture has been discussed in detail through illustrative examples and applications. The algorithms have been presented in pseudo-code with a step-by-step illustration of the same in problems. The applications, demonstrative of the potential of the architectures, have been chosen from diverse disciplines of science and engineering. This book with a wealth of information that is clearly presented and illustrated by many examples and applications is designed for use as a text for courses in soft computing at both the senior undergraduate and first-year post-graduate engineering levels. It should also be of interest to researchers and technologists desirous of applying soft computing technologies to their respective fields of work.",,,PHI Learning Pvt. Ltd.,,2003,,978-81-203-2186-1,General,,,
,CMA Study Text (Businesss Economics),Society of Certified Management Accountants of Sri Lanka,Business & Economics,,,,,,,,,General,,,
,CMA Study Text (Marketing Management),Society of Certified Management Accountants of Sri Lanka,Business & Economics,,,,,,,,,General,,,
,CMA Study Text (Accounting and Business),Society of Certified Management Accountants of Sri Lanka,Business & Economics,,,,,,,,,General,,,
,Fluid Dynamics for Engineering Undergraduate (Part 01),Dr.Thusitha Sugathapala,Fluid,,,,,,,,,General,,,527
,Fluid Dynamics for Engineering Undergraduate (Part 01),Dr.Thusitha Sugathapala,Fluid,,,,,,,,,General,,,512
,Fluid Dynamics for Engineering Undergraduate (Part 01),Dr.Thusitha Sugathapala,Fluid,,,,,,,,,General,,,538
,Fluid Dynamics for Engineering Undergraduate (Part 01),Dr.Thusitha Sugathapala,Fluid,,,,,,,,,General,,,543
9780130548177,Automatic Control Systems (4th Edition),Benjamin C. Kuo,Control Systems,,,,Prentice-Hall,,1982,Fourth,978-0-13-054817-7,General,https://pictures.abebooks.com/isbn/9780130548177-us-300.jpg,,
,Laboratory Supplies Category,,Other,,,,,,,,,General,,,
,Green Technological Invention Of Sri Lanka,"Prof. Ajith de Silva, Dr. Mahesh Jayaweera, Dr. Suren Wijeykoon, Dr. Anusha Kasige",Energy,,,,,,,,,General,,,
,Proceedings of the CIRP International Workshop on Modelling of Machining Operations,"I.S. Jawahir, A.K. Balaji, R. Stevenson",Mechanics,,,,,,,,978-0-96-667060-8,General,,,423
,Telephony Vol. 2,J. Atkinson,Other,,,,,,1950,,,General,,,406
,Fundamentals of Aerodynamics (4th Edition),John D Anderson JR,Fluid,,,,,,,Fourth,0-07-066085-9,General,,,73
,Fundamentals of Aerodynamics (4th Edition),John D Anderson JR,Fluid,,,,,,,Fourth,0-07-066085-10,General,,,69
,Fundamentals of Aerodynamics (4th Edition),John D Anderson JR,Fluid,,,,,,,Fourth,0-07-066085-11,General,,,70
,Fundamentals of Aerodynamics (4th Edition),John D Anderson JR,Fluid,,,,,,,Fourth,0-07-066085-12,General,,,65
,Fundamentals of Aerodynamics (4th Edition),John D Anderson JR,Fluid,,,,,,,Fourth,0-07-066085-13,General,,,71
,Fundamentals of Aerodynamics (4th Edition),John D Anderson JR,Fluid,,,,,,,Fourth,0-07-066085-14,General,,,67
,Fundamentals of Aerodynamics (4th Edition),John D Anderson JR,Fluid,,,,,,,Fourth,0-07-066085-15,General,,,74
,Fundamentals of Aerodynamics (4th Edition),John D Anderson JR,Fluid,,,,,,,Fourth,0-07-066085-16,General,,,72
,Aerodynamics for Engineering Students (5th Edition),"E.L.Houghton, P.W. Carpenter",Fluid,,,,Elsevier,,,Fifth,978-8-18-147966-2,General,https://pictures.abebooks.com/isbn/9788181479662-us-300.jpg,,64
,Aerodynamics for Engineering Students (5th Edition),"E.L.Houghton, P.W. Carpenter",Fluid,,,,Elsevier,,,Fifth,978-8-18-147966-2,General,https://pictures.abebooks.com/isbn/9788181479662-us-300.jpg,,63
,Strenth of Materials,J.P. Den Hartog,Material,,,,,,,,,General,,,104?
,Hydraulic and Fluid Mechanics (10th Edition),E.H. Lewitt,Fluid,,,,,,,Tenth,,General,,,120?
,Robotic and Manufacturing Systems Vol. 7,"Mohommad Jamshidi, Fancois pierrot, Mohamed Kamel",Mechanics,,,,,,,,1-889335-08-8,General,,,379
,"Robotic and Trends, Principles and Applications Vol. 15","Mo Jamshidi, Anibal Ollero, J.R. Martinez-de Dios, Jila S. Jamshidi",Electronics,,,,,,,,1-889335-21-5,General,,,386
,"Soft Computing, Multimedia, Biomedicine, Image Processing and Financial Engineering Vol. 13","Mo Jamshidi, Yutaka Hata, Madjid fathi, Abby Homaifar,  Jila S. Jamshidi",Computer Science,,,,,,,,1-889335-18-5,General,,,668
,Decision and Stress,D.E.Broad Bent,,,,,,,,,0-12-135550-0,General,,,
,The component element method in dynamics,"Samuel Levy, John P.D. Wilkinson",,,,,,,,,0-07-037398-1,General,,,                          90?
,The S-class salon,Mercedese Benz,,,,,,,,,,General,,,421
,The new SL-class Roadstar,Mercedese Benz,,,,,,,,,,General,,,439
,The E-class salons,Mercedese Benz,,,,,,,,,,General,,,437
,Workshop Technology - Part 2,W.A.J.Chapman,,,,,,,,,,General,,,141?
,Calibration of Shock and Vibration Measuring Transducers,Raymond R. Bouche,,,,,,,,,,General,,,110?
,Engineering Research Unit - University of Moratuwa,Research Unit,,,,,,,,,,General,,,47
,Friction Materials for Engineers (2nd edition),,,,,,,,,Second,,General,,,200?
,Manufacture Materials design,The Open Univerity ,,,,,,,,,0-335-10871-7,General,,,166?
,General Catalogue,Solar and Palau,,,,,,,,,,General,,,
,The C - class salon,Mercedese Benz,,,,,,,,,,General,,,425
,"The report on People's Consulations on post Tsunami relief, Reconstruction and Rehabilitation in Sri Lanka","Disaster relief monitoring unit, Human Right commision, Sri Lanka",,,,,,,,,,General,,,
,Sandberg's Laboratary equipment 94/95,Sandberg and schneidewind hamburg,,,,,,,,,,General,,,
,Finite Element Structural Analysis - A Practical Guide,FORD,,,,,,,,,,General,,,
,1976 Annual book of  ASTM standards,American Society for testing and materials,,,,,,,,,,General,,,
,Kaydon Reali - Slim Ball and Roller Bearings,Kaydon cooperation,,,,,,,,,,General,,,
,HVAC Systems Design Handbook (4th edition),Roger W. haines,,,,,,,,Fourth,0-07-139586-5,General,,,352
,Basic Refrigeration and Air Conditioning (3rd edition),P.N.Ananthanarayanan,,,,,,,,,0-07-049500-9,General,,,80
,Principles of Refrigeration (4th edition),Roy.J.Dossat,,,,,,,,Fourth,978-81-7758-881-1,General,,,786
,Air Conditioning Principles and Systems (An Energy Approach) (4th edition),Edward G. PITA,,,,,,,,,81-203-3211-8,General,,,633
,Refirigeration and Air Conditioning (2nd edition),C.P.Arora,,,,,,,,Second,0-07-463010-5,General,,,607
,Heat and Mass Transfer - A practical Approach (3rd edition),Yunus A.Cengal,,,,,,,,Third,0-07-063453-x,General,,,103
,Introduction to Heat Transfer,"Aubrey I. Brown , Salvatore M. Marco",,,,,,,,,,General,,,370
,A Course in Heat and Mass Transfer,"S.E. Arora , S.Domkundwar",,,,,,,,,,General,,,374
,Heat Exchanges(thermal hydraulic fundamentals and design),"S.Kakac , A.E. Bergles, F.Mayinger",,,,,,,,,0-07-033284-3,General,,,89
,HVAC System Design Handbook,"Roger W. Haines, C. Lewis Wilson",,,,,,,,,0-07-139586-5,General,,,352
,Solar Energy Thermal Processes,"John A. Duffie, William A.Beckman ",,,,,,,,,0-471-22-371-9,General,,,603
,Power Generation Operation and Control,"Allen J. Wood, Bruce F. Wollenberg",,,,,,,,,9814-12-664-0,General,,,601
,Code of Practice for Energy Efficient Buildings in Sri Lanka - 2008 ,Sri Lanka Sustainable energy authority,,,,,,,,,,General,,,687
,Energy Management Guide ,Sri Lanka Sustainable energy authority,,,,,,,,,,General,,,685
,Analysis and Design of Energy Systems,B.K.Hodge,,,,,,,,,0-13-032780-8,General,,,463
,Non Convenctional Energy Resources ,B.H.Khan ,,,,,,,,,0-07-060654-4,General,,,459
,Introduction to Environmental Engineering and Science (2nd edition),Gilbert M. Masters,,,,,,,,Second,81-297-0277-0,General,,,817
,Micro Hydropower Source Book,Allen .R. Inversine,,,,,,,,,,General,,,390
,Micro Hydro Design Manual,Adam Harvey,,,,,,,,,1-85339-103-4,General,,,401
,Turbo Assembler 3.0 (Quick reference guide),Borland,,,,,,,,,,General,,,
,Turbo Debugger 3.0 (Users guide),Borland,,,,,,,,,,General,,,
,Turbo Assembler 3.0 (User's guide),Borland,,,,,,,,,,General,,,
,Turbo Profiler 2.0 (user's gude),Borland,,,,,,,,,,General,,,
,Borland C++ 3.1,Borland,,,,,,,,,,General,,,
,Guide to Training Opportunities for Industrial Development,United nations industrial development organization,,,,,,,,,,General,,,
,The 1980 Annual Handbook for Group Facilitators,"J.William Pfeiffer , John E. Jones",,,,,,,,,0-88390-097-1,General,,,
,Industrial relations (A journal of economy & society),"Institute of industrial relations, University of Califonia",,,,,,,,,,General,,,
,College Costs and Financial aid handbook 1998 (18th Annual edition),"College Entrance Examination  board, newyork",,,,,,,,Eighteenth,0-87-447-562-7,General,,,692
,Poly - V Drives  - Design manual,T&N,,,,,,,,,,General,,,
,Illustrated Price list,Hazet - Werk,,,,,,,,,,General,,,
,Statics and Strength of Materials ,Gunt Hamburg,,,,,,,,,,General,,,
,Proceedings of the Human Factors Society - 35th Annual meeting (Volume 2),Human Factors Society,,,,,,,,,,General,,,
,Proceedings of the Human Factors Society - 29 Annual meeting (Volume 2),Human Factors Society,,,,,,,,,,General,,,
,Proceedings of the Human Factors Society - 29 Annual meeting (Volume 1),Human Factors Society,,,,,,,,,,General,,,
,Proceedings of the Human Factors Society - 26 Annual meeting,Human Factors Society,,,,,,,,,,General,,,
,"Students' Solutions Manual for Calculus with Applications to the management, Life and Social Sciences",Lawence E. Spence,,,,,,,,,0-673-46043-6,General,,,714
,Complex Analysis with Vector Calculus,T.M.J.A. Coorey,,,,,,,,,81-7319-780-6,General,,,707
,Introduction to Statistical analysis,"Wilfrad J. Dixon,  Frank J. Massey",,,,,,,,,,General,,,473
,Differential and Integral Calculus,N.Piskunov,,,,,,,,,,General,,,706
,A textbook of Street Mathematics,S.Chand,,,,,,,,,81-219-2232-1,General,,,708
,Advanced Calculus,Murray R. Spiegel,,,,,,,,,0-07-099007-7,General,,,712
,Linear Algebra,"M.R. Adhikari, A.Adhikari",,,,,,,,,81-7764-591-9,General,,,709
,Elements of mathematical analysis ,S.M.Nikolsky,,,,,,,,,,General,,,705
,Modern Operational Mathematics in Engineering,Ruel V. Churchill,,,,,,,,,,General,,,704
,Differential equations,Frank Ayres JR,,,,,,,,,0-07-099006-9,General,,,711
,Theory and Problems of Statistics  - SI (metric edition),Murray R. spiegel,,,,,,,,,0-07-099008-5,General,,,710
,Vector Analysis  - SI (metric edition),Murray R. spiegel,,,,,,,,,0-07-099009-3,General,,,713
,Calculus and Analytic Geometry,George B. Thomas ,,,,,,,,,,General,,,715
,Standard Stock Range of Quality Steels and Specifications,Macreadys ,,,,,,,,,,General,,,
,Motor Vehicle Technology and Practical Work,J.A. Dolan,,,,,,,,,0-435-72052,General,,,775?
,Oganizational Psychology,Edgar H. Schein,,,,,,,,,,General,,,
,Teach Yourself Trigonometry,P.Abbott,,,,,,,,,0-340-05911-7,General,,,
,The Effects of Voids on Material Deformations,the american university of mechanical engineers,,,,,,,,,,General,,,
,Mechanical Enginnering Reasearch and Development,Department of Mechanical Engineering Bangladesh University of Engineering ,,,,,,,,,,General,,,
,Finite Element Analysis for the Elastic Instability of Thin walled open section columns under generalized loading,Masaraachige Ariyarathne Nanayakkara,,,,,,,,,,General,,,
,"Human Factors Perspective on Warnings, Volume 2","Michael S. Wogalter, Atephen L. Young, Kenneth R.. Laughrey, sr.",,,,,,,,,0-945289-16-2,General,,,
,INA-NTN Needle Roller Bearings,NTN TOYO Bearing co-limited,,,,,,,,,,General,,,
,SEW Euro drive,,,,,,,,,,,General,,,
,Design of an Archimedian Screw Conveyor,Adam J. R. Belford,,,,,,,,,,General,,,
,Machine Elements Design and Calculation in Mechanical Engineering,Gustav Niemann,,,,,,,,,0-387-6809-0,General,,,
,Desing for Diversity (volume1),Human Factors and Ergonomic Society,,,,,,,,,,General,,,
,Introductory Probability and Statistically Application,Mayer,,,,,,,,,,General,,,
,Hydro-Electric Stations,I.I.Ilyinykh,,,,,,,,,,General,,,
,Pneumatic Mechanization,F.S.G.Van Dijen,,,,,,,,,90-11-94150-0,General,,,96?
,Supercharging the Internal Combustion Engine,E.T.Vincent,,,,,,,,,,General,,,
,Theory of Mettalurgical Processes,"A.Volsky, E.Sergievskay",,,,,,,,,,General,,,
,Stresses in Layered Shells of Revolution,Vaclav Kovarik,,,,,,,,,80-200-0005-4,General,,,
,Workshop technology - Part 1 (5th Edition),W.A.J.Chapman,,,,,,,,Fifth,81-239-0401-0,General,,,
,Funamentals of Theory of Plasticity,L.M.Kachanov,,,,,,,,,,General,,,
,Cutting Tool Production,A.Barsov,,,,,,,,,,General,,,
,Grinding of Metals ,V.V.Loskutov,,,,,,,,,,General,,,
,Conveying Machines,"A. spivakovsky, V. Dyachkov",,,,,,,,,,General,,,
,Mechanical Vibrations,R.A.Collacott,,,,,,,,,,General,,,
,Spanlose Formgebung,Joseph Flimm,,,,,,,,,,General,,,
,Mechanical Seal Practice for Improved Performance,J.D. Summer smith,,,,,,,,,0-85298-671-8,General,,,164
,Proceedings of the Institution of the Mechanical Engineers,,,,,,,,,,,General,,,
,Design Engineering Handbook - Metals,,,,,,,,,,,General,,,
,Spray Nozzle - User's Manual,Sparko,,,,,,,,,,General,,,
,Motor Products Catalog,Pacific scientific motor and control division,,,,,,,,,,General,,,
,Engineering Your Future,Oakes leone gunn,,,,,,,,,1-881018-26-1,General,,,
,Electron Technology,institute of electron technology,,,,,,,,,83-0-08918-0,General,,,
,Turning Tools and Inserts,Sandvik,,,,,,,,,,General,,,
,Rotating Tools and Inserts,Sandvik,,,,,,,,,,General,,,
,"Farnell in One - Semiconductors, Passives and Test",Os projects pvt,,,,,,,,,,General,,,
,Proceedings of the Human Factors Society - 25 Annual Meeting,Robert C. Sugarman,,,,,,,,,,General,,,
,Interface 87 Proceedings - Electrical and Mechanical,Os projects pvt,,,,,,,,,,General,,,
,Models for the Perception of Speech and Visual Form,The M.I.T press,,,,,,,,,,General,,,801
,Area Research,,,,,,,,,,,General,,,471
,The E- class Estates,Mercedese Benz,,,,,,,,,,General,,,445
,Small Hydropower for Asian Rural Development,Colin R. Elliott,,,,,,,,,,General,,,419
,Baird & Tatlock,A searle company,,,,,,,,,,General,,,
,UML 2 Bible,Tom Pender,,,,,,,,,81-265-0452-8,General,,,
,"Concrete, Timber and Metals","J.M.Ilston, J.M.Dinwoodie",,,,,,,,,0-442-30144-8,General,,,
,Fundamentals of Process Engineering,V.Kovan,,,,,,,,,,General,,,
,AutoCAD Release ,Autodesk,,,,,,,,,0-582-36873-1,General,,,
,Industrial Relations (A Journal of Economy & Society),"Institute of industrial relations, University of Califonia",,,,,,,,,,General,,,
,Innovations for interations volume 2 ,Human Factors Society,,,,,,,,,,General,,,
,The reliability of mechanical systems,John Davidson,,,,,,,,,,General,,,
,Human Factors Society 27th annual meeting volume 1,,,,,,,,,,,General,,,
,Management information systems,T. Lucey,,,,,,,,,81-7029-999-3,General,,,688
,Production Management,Keith Lockyer,,,,,,,,,0-273-01775-6,General,,,694
,Modern Systems Research for the behavioural scientist,Walter Buckley,,,,,,,,,,General,,,900
,Transport processes and unit operations,Christie J. Geankoplis,,,,,,,,,81-203-1134-5,General,,,777
,Mechanical estimating nd costing including contracting,"T.R.Banga ,  S.C.Sharma",,,,,,,,,81-7409-100-9,General,,,776
,Information processing approches to visual perception,Ralph Norman Haber,,,,,,,,,,General,,,815
,Display systems engineering ,"H.R.Luxenberg, Rudolph L. Kuehn",,,,,,,,,,General,,,667
,Quality Engineering using robust design,Madhav S. Phadke,,,,,,,,,0-13-744723-x,General,,,804
,man machine system experiments,Henry Mcilvaine Parsons,,,,,,,,,0-8018-1322-0,General,,,654
,Quality improvements through planned experimentation,Ronald D. Moen,,,,,,,,,,General,,,698
,Quantitative methods in project management,John C. Goodpasture,,,,,,,,,81-7366-861-1,General,,,701
,Financial managemet,I.M.Pandey,,,,,,,,,81-259-0638-x,General,,,679
,Design analysis of lean production systems,"Ronald G. Askin ,  Jeffrey B. Goldberg",,,,,,,,,9812-53-027-4,General,,,813
,Human resource management,john. M. Ivancevich,,,,,,,,,0-07-252577-0,General,,,700
,Monitoring Behaviour and supervisory control,"Thomas B. Sheridan , Gunnar Johannsen",,,,,,,,,0-306-32881-,General,,,426
,Human resource management practice,Michael Armstrong,,,,,,,,,0-7494-4215-8,General,,,699
,Operations management 8e,Lee J. Krajewski,,,,,,,,,978-81-203-3159-4,General,,,301
,Research technologies in human engineering,Alphonse chapanis,,,,,,,,,,General,,,689
,Factory organization and principles of Management,K.K.Ahuja,,,,,,,,,,General,,,691
,Advanced project potfolio management and the PMO,Gerald I. Kendall,,,,,,,,,81-7366-866-3,General,,,681
,Project management(THIRD EDITION),Harvey Maylor,,,,,,,,,81-297-0535-4,General,,,680
,Supply Chain Management ,"Sunil Chopra, Peter Meindl",,,,,,,,,81-203-2367-x,General,,,693
,Memory and Cognition,Walter Kintson,,,,,,,,,0-471-48072-x,General,,,695
,Industrial Engineering and management,B. Kumar,,,,,,,,,,General,,,682
,Industrial Engineering management ,Dinesh Kumar,,,,,,,,,81-7515-299-0,General,,,686
,Simple solutions Essential skills using Excel 2000,Julia Kelly,,,,,,,,,81-203-1580-4,General,,,368
,Sams teach yourself C++,"Jesse Liberty, David B. Horvath",,,,,,,,,81-297-1096-x,General,,,137
,Presenting C#,Christioph Wille,,,,,,,,,81-7635-462-7,General,,,670
,A guide to Matlab,"Brian R.Hunt, Ronald L. Lipsman, Jonathan M. Rsenburg",,,,,,,,,0-521-80390-2,General,,,675
,Programming with C in linux,NIIT,,,,,,,,,81-203-2388-2,General,,,676
,Serial port complete programming and circuits for Rs 232 and Rs 485 links and networks,Jan Axelson,,,,,,,,,81-87972-03-3,General,,,152
,"Parallel Port Complete programming,",Jan Axelson,,,,,,,,,81-87972-2-5,General,,,144
,Sams teach yourself C++,"Jesse Liberty, David B. Horvath",,,,,,,,,978-8-12-971096-3,General,,,138
,Visual Basic 2005 programming ,Steven Holzner,,,,,,,,,81-7722-680-0,General,,,143
,USB complete,Jan Axelson,,,,,,,,,818797225-4,General,,,156
,Linking lans,Stans Schatt,,,,,,,,,0-07-057063-9,General,,,356
,Software design,David Design,,,,,,,,,81-297-0393-9,General,,,658
,Novell NetWare 4,Tom Sheldon,,,,,,,,,0-07-881909-1,General,,,358
,Handbook for parallel port design,James Barbarello,,,,,,,,,81-7656-443-5,General,,,337
,usb COMPLETE- second edition,Jan Axelson,,,,,,,,,81-87972-07-6,General,,,341
,Object oriented software engineering ,"Ivar Jacobson, Magnus Christerson, Patrik Jonsson, Gunnar overgaard",,,,,,,,,81-7808-432-5,General,,,360
,OOP with microsoft visual basic . Net,Robin A. Reynolds,,,,,,,,,81-203-2007-7,General,,,331
,Sams teach yourself C++,Sams Techmedia,,,,,,,,,81-7635-530-5,General,,,329
,Special edition using Visual C++,Kate Gregory,,,,,,,,,0-7897-2466-9,General,,,362
,A text book of machine design,R.S. Khurmi J.K. Gupta,,,,,,,,,,General,,,456
,A text book of machine design,R.S. Khurmi J.K. Gupta,,,,,,,,,,General,,,629
,A text book of machine design,R.S. Khurmi J.K. Gupta,,,,,,,,,,General,,,792
,A text book of machine design,R.S. Khurmi J.K. Gupta,,,,,,,,,,General,,,287
,A text book of machine design,R.S. Khurmi J.K. Gupta,,,,,,,,,,General,,,284
,A text book of machine design,R.S. Khurmi J.K. Gupta,,,,,,,,,,General,,,281
,A text book of machine design,R.S. Khurmi J.K. Gupta,,,,,,,,,,General,,,279
,A text book of machine design,R.S. Khurmi J.K. Gupta,,,,,,,,,,General,,,276
,A text book of machine design,R.S. Khurmi J.K. Gupta,,,,,,,,,,General,,,272
,A text book of machine design,R.S. Khurmi J.K. Gupta,,,,,,,,,,General,,,270
,A text book of machine design,R.S. Khurmi J.K. Gupta,,,,,,,,,,General,,,269
,A text book of machine design,R.S. Khurmi J.K. Gupta,,,,,,,,,,General,,,267
,A text book of machine design,R.S. Khurmi J.K. Gupta,,,,,,,,,,General,,,268
,A text book of machine design,R.S. Khurmi J.K. Gupta,,,,,,,,,,General,,,265
,A text book of machine design,R.S. Khurmi J.K. Gupta,,,,,,,,,,General,,,263
,The nechanical design process,David G Ullman,,,,,,,,,0-07-065756-4,General,,,452
,Series in mechanical engineering,McGrew-Hill,,,,,,,,,0-07-065739-4,General,,,612
,Mechanical design analysis,M. F. Spotts,,,,,,,,,,General,,,621
,Engineering Mechanics of Solids,Egor R Popov,,,,,,,,,978-81-203-2107-6,General,,,294
,Engineering Mechanics of Solids,Egor R Popov,,,,,,,,,978-81-203-2107-3,General,,,295
,Engineering Mechanics of Solids,Egor R Popov,,,,,,,,,978-81-203-2107-3,General,,,291
,Engineering Mechanics of Solids,Egor R Popov,,,,,,,,,978-81-203-2107-6,General,,,296
,Engineering Mechanics of Solids,Egor R Popov,,,,,,,,,978-81-203-2107-3,General,,,387
,Engineering Mechanics of Solids,Egor R Popov,,,,,,,,,978-81-203-2107-6,General,,,297
,Engineering Mechanics of Solids,Egor R Popov,,,,,,,,,978-81-203-2107-6,General,,,292
,Theory of Structures,Morley,,,,,,,,,,General,,,436
,Advanced solid Mechanics,Dr. N. K. Bairagi,,,,,,,,,,General,,,622
,Structural analysis,R.C. Hibbeler,,,,,,,,,81-7808-750-2,General,,,620
,Visual Basic,Evangelos Petroutsos,,,,,,,,,81-7029-902-0,General,,,657
,Thermodynamics an engineering approach,Yunus A. Cengel Michael A. boles,,,,,,,,,0-07-238332-1,General,,,81
,Methods of analytical Dynamics,Leonard Meirovitch,,,,,,,,,0-486-46423-7,General,,,199
,Methods of analytical Dynamics,Leonard Meirovitch,,,,,,,,,0-486-46423-7,General,,,196
,Methods of analytical Dynamics,Leonard Meirovitch,,,,,,,,,0-486-46423-7,General,,,194
,Methods of analytical Dynamics,Leonard Meirovitch,,,,,,,,,0-486-46423-7,General,,,198
,Methods of analytical Dynamics,Leonard Meirovitch,,,,,,,,,0-486-46423-7,General,,,192
,Methods of analytical Dynamics,Leonard Meirovitch,,,,,,,,,0-486-46423-7,General,,,195
,Methods of analytical Dynamics,Leonard Meirovitch,,,,,,,,,0-486-46423-7,General,,,200
,Methods of analytical Dynamics,Leonard Meirovitch,,,,,,,,,0-486-46423-7,General,,,197
,Methods of analytical Dynamics,Leonard Meirovitch,,,,,,,,,0-486-46423-7,General,,,193
,Mechanics of Machines,Johna Hannah R C stephens,,,,,,,,,81-7649-078-4,General,,,219
,Mechanics of Machines,Johna Hannah R C stephens,,,,,,,,,81-7649-078-4,General,,,795
,Mechanics of Machines,Johna Hannah R C stephens,,,,,,,,,81-7649-078-4,General,,,794
,Mechanics of Machines,Johna Hannah R C stephens,,,,,,,,,81-7649-078-4,General,,,213
,Mechanics of Machines,Johna Hannah R C stephens,,,,,,,,,81-7649-078-4,General,,,201
,Mechanics of Machines,Johna Hannah R C stephens,,,,,,,,,81-7649-078-4,General,,,206
,Mechanics of Machines,Johna Hannah R C stephens,,,,,,,,,81-7649-078-4,General,,,204
,Mechanics of Machines,Johna Hannah R C stephens,,,,,,,,,81-7649-078-4,General,,,207
,Mechanics of Machines,Johna Hannah R C stephens,,,,,,,,,81-7649-078-4,General,,,205
,Mechanics of Machines,Johna Hannah R C stephens,,,,,,,,,81-7649-078-4,General,,,208
,Mechanics of Machines,Johna Hannah R C stephens,,,,,,,,,81-7649-078-4,General,,,210
,Mechanics of Machines,Johna Hannah R C stephens,,,,,,,,,81-7649-078-4,General,,,211
,Mechanics of Machines,Johna Hannah R C stephens,,,,,,,,,81-7649-078-4,General,,,212
,Mechanics of Machines,Johna Hannah R C stephens,,,,,,,,,81-7649-078-4,General,,,216
,Mechanics of Machines,Johna Hannah R C stephens,,,,,,,,,81-7649-078-4,General,,,214
,Mechanics of Machines,Johna Hannah R C stephens,,,,,,,,,81-7649-078-4,General,,,217
,Mechanics of Machines,Johna Hannah R C stephens,,,,,,,,,81-7649-078-4,General,,,218
,Mechanics of Machines,Johna Hannah R C stephens,,,,,,,,,81-7649-078-4,General,,,220
,Text Book of Mechanical Viibrations,Rao V. Dukkipati J. Srinivas,,,,,,,,,81-203-2593-1,General,,,227
,Text Book of Mechanical Viibrations,Rao V. Dukkipati J. Srinivas,,,,,,,,,81-203-2593-2,General,,,221
,Text Book of Mechanical Viibrations,Rao V. Dukkipati J. Srinivas,,,,,,,,,81-203-2593-3,General,,,789
,Text Book of Mechanical Viibrations,Rao V. Dukkipati J. Srinivas,,,,,,,,,81-203-2593-4,General,,,228
,Text Book of Mechanical Viibrations,Rao V. Dukkipati J. Srinivas,,,,,,,,,81-203-2593-5,General,,,225
,Text Book of Mechanical Viibrations,Rao V. Dukkipati J. Srinivas,,,,,,,,,81-203-2593-6,General,,,223
,Text Book of Mechanical Viibrations,Rao V. Dukkipati J. Srinivas,,,,,,,,,81-203-2593-7,General,,,226
,Text Book of Mechanical Viibrations,Rao V. Dukkipati J. Srinivas,,,,,,,,,81-203-2593-8,General,,,229
,Text Book of Mechanical Viibrations,Rao V. Dukkipati J. Srinivas,,,,,,,,,81-203-2593-9,General,,,222
,Theory of Machines and Mechanisms,Prof. P.L. Ballaney,,,,,,,,,81-7409-122-x,General,,,237
,Theory of Machines and Mechanisms,Prof. P.L. Ballaney,,,,,,,,,81-7409-122-x,General,,,239
,Theory of Machines and Mechanisms,Prof. P.L. Ballaney,,,,,,,,,81-7409-122-x,General,,,253
,Theory of Machines and Mechanisms,Prof. P.L. Ballaney,,,,,,,,,81-7409-122-x,General,,,242
,Theory of Machines and Mechanisms,Prof. P.L. Ballaney,,,,,,,,,81-7409-122-x,General,,,247
,Theory of Machines and Mechanisms,Prof. P.L. Ballaney,,,,,,,,,81-7409-122-x,General,,,259
,Theory of Machines and Mechanisms,Prof. P.L. Ballaney,,,,,,,,,81-7409-122-x,General,,,251
,Theory of Machines and Mechanisms,Prof. P.L. Ballaney,,,,,,,,,81-7409-122-x,General,,,241
,Theory of Machines and Mechanisms,Prof. P.L. Ballaney,,,,,,,,,81-7409-122-x,General,,,249
,Theory of Machines and Mechanisms,Prof. P.L. Ballaney,,,,,,,,,81-7409-122-x,General,,,235
,Theory of Machines and Mechanisms,Prof. P.L. Ballaney,,,,,,,,,81-7409-122-x,General,,,243
,Theory of Machines and Mechanisms,Prof. P.L. Ballaney,,,,,,,,,81-7409-122-x,General,,,250
,Theory of Machines and Mechanisms,Prof. P.L. Ballaney,,,,,,,,,81-7409-122-x,General,,,240
,Theory of Machines and Mechanisms,Prof. P.L. Ballaney,,,,,,,,,81-7409-122-x,General,,,245
,Theory of Machines and Mechanisms,Prof. P.L. Ballaney,,,,,,,,,81-7409-122-x,General,,,238
,Theory of Machines and Mechanisms,Prof. P.L. Ballaney,,,,,,,,,81-7409-122-x,General,,,248
,Theory of Machines and Mechanisms,Prof. P.L. Ballaney,,,,,,,,,81-7409-122-x,General,,,252
,Theory of Machines and Mechanisms,Prof. P.L. Ballaney,,,,,,,,,81-7409-122-x,General,,,244
,Mechanical Vibrations,Singiresu S. Rao,,,,,,,,,978-81-7758-874-3,General,,,617
,Mechanical Vibrations,Singiresu S. Rao,,,,,,,,,978-81-7758-874-3,General,,,616
,Mechanical Vibrations,Singiresu S. Rao,,,,,,,,,978-81-7758-874-3,General,,,615
,Mechanical Vibrations,Singiresu S. Rao,,,,,,,,,978-81-7758-874-3,General,,,230
,Mechanical Vibrations,Singiresu S. Rao,,,,,,,,,978-81-7758-874-3,General,,,233
,Mechanical Vibrations,Singiresu S. Rao,,,,,,,,,978-81-7758-874-3,General,,,232
,Mechanical Vibrations,Singiresu S. Rao,,,,,,,,,978-81-7758-874-3,General,,,231
,Mechanical Vibrations,Singiresu S. Rao,,,,,,,,,978-81-7758-874-3,General,,,234
,Theory of Machines,R.s. Khumi J.k. Gupta,,,,,,,,,81-219-0132-4,General,,,628
,Theory of Machines,R.s. Khumi J.k. Gupta,,,,,,,,,81-219-2524-x,General,,,255
,Theory of Machines,R.s. Khumi J.k. Gupta,,,,,,,,,81-219-2524-x,General,,,258
,Theory of Machines,R.s. Khumi J.k. Gupta,,,,,,,,,81-219-2524-x,General,,,257
,Theory of Machines,R.s. Khumi J.k. Gupta,,,,,,,,,81-219-2524-x,General,,,623
,Modern control Systems,Richard C. Dorf Robert H. Bishop,,,,,,,,,978-81-317-1887-2,General,,,642
,Modern control Systems,Richard C. Dorf Robert H. Bishop,,,,,,,,,81-317-0829-2,General,,,159
,Modern control Systems,Richard C. Dorf Robert H. Bishop,,,,,,,,,81-317-0829-2,General,,,160
,Modern control Systems,Richard C. Dorf Robert H. Bishop,,,,,,,,,81-317-0829-2,General,,,163
,Modern control Systems,Richard C. Dorf Robert H. Bishop,,,,,,,,,81-317-0829-2,General,,,166
,Modern control Systems,Richard C. Dorf Robert H. Bishop,,,,,,,,,81-317-0829-2,General,,,164
,Modern control Systems,Richard C. Dorf Robert H. Bishop,,,,,,,,,81-317-0829-2,General,,,161
,Modern control Systems,Richard C. Dorf Robert H. Bishop,,,,,,,,,81-317-0829-2,General,,,165
,Modern control Systems,Richard C. Dorf Robert H. Bishop,,,,,,,,,81-317-0829-2,General,,,162
,Modern control Systems,Richard C. Dorf Robert H. Bishop,,,,,,,,,978-81-317-1887-2,General,,,645
,Modern control Systems,Richard C. Dorf Robert H. Bishop,,,,,,,,,978-81-317-1887-2,General,,,646
,Modern control Systems,Richard C. Dorf Robert H. Bishop,,,,,,,,,978-81-317-1887-2,General,,,643
,Modern control Systems,Richard C. Dorf Robert H. Bishop,,,,,,,,,978-81-317-1887-2,General,,,641
,Modern control Systems,Richard C. Dorf Robert H. Bishop,,,,,,,,,978-81-317-1887-2,General,,,640
,Autotmatic  Control Systems,Benjamin C. Kuo,,,,,,,,,81-203-0968-5,General,,,334
,Autotmatic  Control Systems,Benjamin C. Kuo,,,,,,,,,81-203-0968-5,General,,,168
,Autotmatic  Control Systems,Benjamin C. Kuo,,,,,,,,,81-203-0968-5,General,,,167
,Autotmatic  Control Systems,Benjamin C. Kuo,,,,,,,,,81-203-0968-5,General,,,172
,Autotmatic  Control Systems,Benjamin C. Kuo,,,,,,,,,81-203-0968-5,General,,,169
,Autotmatic  Control Systems,Benjamin C. Kuo,,,,,,,,,81-203-0968-5,General,,,637
,Autotmatic  Control Systems,Benjamin C. Kuo,,,,,,,,,81-203-0968-5,General,,,328
,Principles of automatic controls,Floyd E Nixon,,,,,,,,,,General,,,335
,Autotmatic  Control Systems,S.N. Verma,,,,,,,,,,General,,,652
,Design with PIC Microcontrollers, John B peatman,,,,,,,,,81-7808-508-9,General,,,636
,System Modeling and control,J. schwarzenbach & K.F. gill,,,,,,,,,0-7131-3518-2,General,,,634
,feedback control system analysis & synthesis,J. J. D'azzo C.H. Houpis,,,,,,,,,,General,,,650
,feedback control system analysis ,Josheph j. Distefano Allen R. Stubberud Ivan J. williams,,,,,,,,,0-07-058288-2,General,,,647
,Computer aided Process control,S.K. Singh,,,,,,,,,81-203-2282-7,General,,,64
,Classical Mechanics  & control,D. N. Burghes A.M. Downs,,,,,,,,,,General,,,613
,dIgital Systems Principals and applications, Ronald J. Tocci,,,,,,,,,81-203--0985-5,General,,,651
,control Systems,Naresh K. Sinha,,,,,,,,,81-224-0657-2,General,,,649
,Signal analysis,athanasios papoulis,,,,,,,,,0-07-048460-0,General,,,796
,system analyis techniques, Ralph Deutsch,,,,,,,,,,General,,,467
,Modern Control Engineering ,Katsuhiko Ogata,,,,,,,,,0-13-043245-8,General,,,655
,Mechatronics,W. Bolton,,,,,,,,,978-81-7758-284-0,General,,,766
,Mechatronics,W. Bolton,,,,,,,,,978-81-7758-284-1,General,,,484
,Mechatronics,W. Bolton,,,,,,,,,978-81-7758-284-2,General,,,492
,Mechatronics,W. Bolton,,,,,,,,,978-81-7758-284-3,General,,,178
,Mechatronics,W. Bolton,,,,,,,,,978-81-7758-284-4,General,,,173
,Mechatronics,W. Bolton,,,,,,,,,978-81-7758-284-5,General,,,486
,Mechatronics,W. Bolton,,,,,,,,,978-81-7758-284-6,General,,,177
,Mechatronics,W. Bolton,,,,,,,,,978-81-7758-284-7,General,,,487
,Mechatronics,W. Bolton,,,,,,,,,978-81-7758-284-8,General,,,176
,Mechatronics,W. Bolton,,,,,,,,,978-81-7758-284-9,General,,,391
,Mechatronics,W. Bolton,,,,,,,,,978-81-7758-284-10,General,,,175
,Mechatronics,W. Bolton,,,,,,,,,978-81-7758-284-11,General,,,181
,Mechatronics,W. Bolton,,,,,,,,,978-81-7758-284-12,General,,,182
,Mechatronics,W. Bolton,,,,,,,,,978-81-7758-284-13,General,,,174
,Mechatronics,W. Bolton,,,,,,,,,978-81-7758-284-14,General,,,490
,Mechatronics,W. Bolton,,,,,,,,,978-81-7758-284-15,General,,,488
,Mechatronics,W. Bolton,,,,,,,,,978-81-7758-284-16,General,,,485
,Mechatronics,W. Bolton,,,,,,,,,978-81-7758-284-17,General,,,491
,Mechatronics,M. D. Singh J. G. Joshi,,,,,,,,,81-203-2986-4,General,,,185
,Mechatronics,M. D. Singh J. G. Joshi,,,,,,,,,81-203-2986-5,General,,,184
,Robotics Introduction Programming & projects,James L. Fuller,,,,,,,,,0-13-095543-4,General,,,764
,Introduction to artificial Intelligence,Eugene Charniak  Drew McDermott,,,,,,,,,81-7808-033-8,General,,,430
,Robotics Principals And Practice,K.C. Jain L.N.Aggarwal,,,,,,,,,,General,,,365
,Modeling And Control of Robot Manipulators,Lorenzo sciavicco Bruno siciliano,,,,,,,,,0-07-057217-8,General,,,765
,Fundamentals of Robotics analysis & control ,Robert J. Schiling,,,,,,,,,81-203-1047-0,General,,,810
,An Introduction to Neural Networks,James A. Anderson,,,,,,,,,81-203-1351-8,General,,,410
,Industrial Robotics Technology Programming and applications,Mikell P. groover Mitchell weiss Roger N. Nagel Nicholas G. Odrey,,,,,,,,,0-07-100442-4,General,,,805
,Introduction to Robotics Motion And Control,John C. Craig,,,,,,,,,81-7808-451-1,General,,,807
,Robotics and Control,R K Mittal I J Nagrath,,,,,,,,,0-07-048293-4,General,,,381
,Introduction to Robotics Mechanics And Control,John C. Craig,,,,,,,,,81-7758-793-5,General,,,361
,Understanding Artificial Imtelligence,Henry C. Mishkoff,,,,,,,,,,General,,,660
,applying Precision Switches,J. P. Lockwood,,,,,,,,,,General,,,400
,Introduction to Robotics Mechanics And Control,John C. Craig,,,,,,,,,0201-54361-3,General,,,806
,Introduction  to Rbotics Analysis Systems Applications,Saeed B. Niku,,,,,,,,,81-203-2379-3,General,,,763
,Understanding Electro Mechanical Engineering,Lawrence J. Kamm,,,,,,,,,81-203-1681-9,General,,,357
,Materials and Processes in Manufacturing,E. paul degarmo J.t. Black Ronald A. Kosher,,,,,,,,,81-203-1243-0,General,,,130
,Materials and Processes in Manufacturing,E. paul degarmo J.t. Black Ronald A. Kosher,,,,,,,,,81-203-1243-0,General,,,129
,Materials and Processes in Manufacturing,E. paul degarmo J.t. Black Ronald A. Kosher,,,,,,,,,81-203-1243-0,General,,,128
,Materials and Processes in Manufacturing,E. paul degarmo J.t. Black Ronald A. Kosher,,,,,,,,,81-203-1243-1,General,,,132
,Materials and Processes in Manufacturing,E. paul degarmo J.t. Black Ronald A. Kosher,,,,,,,,,81-203-1243-2,General,,,133
,Materials and Processes in Manufacturing,E. paul degarmo J.t. Black Ronald A. Kosher,,,,,,,,,81-203-1243-3,General,,,134
,Materials and Processes in Manufacturing,E. paul degarmo J.t. Black Ronald A. Kosher,,,,,,,,,81-203-1243-4,General,,,135
,Materials and Processes in Manufacturing,E. paul degarmo J.t. Black Ronald A. Kosher,,,,,,,,,81-203-1243-5,General,,,136
,Manufacturing Processes For Engineering Materials ,Serope Kalpakjian Steven R. Schmid,,,,,,,,,81-7808-990-4,General,,,332
,Workshop Technology Part two Machine tools,Tikam Lal Chaudhary,,,,,,,,,,General,,,343
,Manufacturing Engineering and Technology,Serope Kalpakjian Steven R. Schmid,,,,,,,,,81-7758-170-8,General,,,127
,Manufacturing Engineering and Technology,Serope Kalpakjian Steven R. Schmid,,,,,,,,,81-7758-170-8,General,,,126
,Manufacturing Engineering and Technology,Serope Kalpakjian Steven R. Schmid,,,,,,,,,81-7758-170-8,General,,,125
,Manufacturing Engineering and Technology,Serope Kalpakjian Steven R. Schmid,,,,,,,,,81-7758-170-8,General,,,124
,Manufacturing Engineering and Technology,Serope Kalpakjian Steven R. Schmid,,,,,,,,,81-7758-170-8,General,,,122
,Manufacturing Engineering and Technology,Serope Kalpakjian Steven R. Schmid,,,,,,,,,81-7758-170-8,General,,,121
,Manufacturing Engineering and Technology,Serope Kalpakjian Steven R. Schmid,,,,,,,,,81-7758-170-8,General,,,120
,Manufacturing Engineering and Technology,Serope Kalpakjian Steven R. Schmid,,,,,,,,,81-7758-170-8,General,,,118
,Manufacturing Engineering and Technology,Serope Kalpakjian Steven R. Schmid,,,,,,,,,81-7758-170-8,General,,,116
,Manufacturing Engineering and Technology,Serope Kalpakjian Steven R. Schmid,,,,,,,,,81-7758-170-8,General,,,115
,Manufacturing Engineering and Technology,Serope Kalpakjian Steven R. Schmid,,,,,,,,,81-7758-170-8,General,,,114
,Manufacturing Engineering and Technology,Serope Kalpakjian Steven R. Schmid,,,,,,,,,81-7758-170-8,General,,,113
,Manufacturing Engineering and Technology,Serope Kalpakjian Steven R. Schmid,,,,,,,,,81-7758-170-8,General,,,112
,Workshop Technology Part two,W. A. J. Chapman,,,,,,,,,81-7031-192-6,General,,,345
,Workshop Technology Part two,W. A. J. Chapman,,,,,,,,,81-7031-192-7,General,,,775
,Modern Welding Technology,Howard B. Cary,,,,,,,,,0-13-599283-4,General,,,363
,Mechanical Engineering Craft Theory - Volume 1,"R.L.Timings,O.Alabi",,,,,,,,,0-582-65801-2,General,,,343
,Aspects of Material Formability,Dr. Zdzislaw Marcniak,,,,,,,,,,General,,,450
,the design and use of Instruments and Accurate Mechanism underlying principles,T.N.Whitehead,,,,,,,,,,General,,,440
,"Automation,Production Systems and Computer Intergrated Manufacturing",Mikell P. Groover,,,,,,,,,81-203-0618-X,General,,,418
,Production Technology,Er. R.K.Jain,,,,,,,,,,General,,,373
,Pro/Engineer - Instructor ,David S. Kelly,,,,,,,,,0-07-053048-3,General,,,351
,Pro/Engineer - Instructor ,David S. Kelly,,,,,,,,,0-07-053048-4,General,,,437
,CATIA(V5R17)for Engineers and Designers,prof. Sham Tickoo,,,,,,,,,978-81-7722-815-1,General,,,664
,Engineering Graphics Principles with Geometric Dimensioning and Tolerencing,E.Max Raisor,,,,,,,,,1-58503-045-7,General,,,388
,Draughtsmanship(third Edition),Fraser Reekie,,,,,,,,,0-7131-3368-6,General,,,371
,Basic Pro/Engineering in 20 Lessons,Louis Gary Lamit,,,,,,,,,053495068-X,General,,,369
,Fundamentals of Machine Drawing,"Sadhu Singh, P.L. Sah",,,,,,,,,81-203-2252-5,General,,,355
,Machine Drawing(Revised Edition),"T.Jones,T.G.Jones",,,,,,,,,,General,,,385
,Machine Drawing ,N.D. Junnarkar,,,,,,,,,81-297-0794-2,General,,,627
,Pro/Engineer Wildfire 4.0 inSimple Steps,Kogent Solutions Inc.,,,,,,,,,978-81-7722-437-5,General,,,677
,Autocad 2002 for Architecture,"Alan Jefferis, Michael, Tereasa Jefferis",,,,,,,,,0-7668-3847-1,General,,,384
,Transmission and Display of Pictorial Information,D.E.Pearson,,,,,,,,,0-7273-2101-3,General,,,480
,The Finite Element Method(Fourth Edition)- Volume 1,"O.C.Zienkiewicz, R.L.Taylor",,,,,,,,,0-07-084174-8,General,,,439
,The Finite Element Method for Engineers(Fourth Edition),"Kenneth H.Huebner, Donald L.Dewhirst,Douglas E.Smith,Ted G.Byrom",,,,,,,,,9812-53-154-8,General,,,774
,Engineering Graphics with Autocad 2002,James D. Bethune,,,,,,,,,81-7808-819-3,General,,,665
,Pro/Engineer Reference Guide (Book-2),CADD CENTER,,,,,,,,,,General,,,663
,Pro/Engineer Reference Guide(Book-1),CADD CENTER,,,,,,,,,,General,,,662
,Material Science and Engineering An Introduction,"William D. Callister, Jr",,,,,,,,,9814-12-669-1,General,,,407
,Engineering Materials- Properties and Selection,"Kenneth G. Budinski, Michael K. Budinski",,,,,,,,,81-203-2914-7,General,,,411
,Engineering Materials ,Joseph Marin,,,,,,,,,,General,,,773
,Automobile Engineering -  Vol. 2,Dr.Kirpal Singh,,,,,,,,,81-8014-053-9,General,,,316
,Automobile Engineering -  Vol. 2,Dr.Kirpal Singh,,,,,,,,,81-8014-053-10,General,,,314
,Automobile Engineering -  Vol. 2,Dr.Kirpal Singh,,,,,,,,,81-8014-053-11,General,,,313
,Automobile Engineering -  Vol. 2,Dr.Kirpal Singh,,,,,,,,,81-8014-053-12,General,,,312
,Automobile Engineering -  Vol. 2,Dr.Kirpal Singh,,,,,,,,,81-8014-053-13,General,,,309
,Automobile Engineering -  Vol. 2,Dr.Kirpal Singh,,,,,,,,,81-8014-053-14,General,,,311
,Automobile Engineering - Vol. 1,Dr.Kirpal Singh,,,,,,,,,81-8014-099-7,General,,,498
,Automobile Engineering - Vol. 1,Dr.Kirpal Singh,,,,,,,,,81-8014-099-8,General,,,494
,Automobile Engineering - Vol. 1,Dr.Kirpal Singh,,,,,,,,,81-8014-099-9,General,,,499
,Automobile Engineering - Vol. 1,Dr.Kirpal Singh,,,,,,,,,81-8014-099-10,General,,,501
,Automobile Engineering - Vol. 1,Dr.Kirpal Singh,,,,,,,,,81-8014-099-11,General,,,496
,Automobile Engineering - Vol. 1,Dr.Kirpal Singh,,,,,,,,,81-8014-099-12,General,,,497
,Medium/Heavy Duty -Truck Diesel Engines,"John F. Kirshaw, Sean Bennett",,,,,,,,,0-8273-7221-3,General,,,409
,Medium/Heavy Duty -Truck Diesel Engines,"John F. Kirshaw, Sean Bennett",,,,,,,,,0-8273-7221-4,General,,,413
,Automotive Mechanics,"William H. Crouse, Donald L. Anglim",,,,,,,,,0-07-063435-1,General,,,320
,Automotive Mechanics,"William H. Crouse, Donald L. Anglim",,,,,,,,,0-07-063435-2,General,,,325
,Automotive Mechanics,"William H. Crouse, Donald L. Anglim",,,,,,,,,0-07-063435-3,General,,,327
,Automotive Mechanics,"William H. Crouse, Donald L. Anglim",,,,,,,,,0-07-063435-4,General,,,319
,Automotive Mechanics,"William H. Crouse, Donald L. Anglim",,,,,,,,,0-07-063435-5,General,,,321
,Automotive Mechanics,"William H. Crouse, Donald L. Anglim",,,,,,,,,0-07-063435-6,General,,,326
,Automotive Mechanics,"William H. Crouse, Donald L. Anglim",,,,,,,,,0-07-063435-7,General,,,768
,Automotive Mechanics,"William H. Crouse, Donald L. Anglim",,,,,,,,,0-07-099215-0,General,,,383
,Internal Combustion Engines,V. Ganeshan,,,,,,,,,0-07-462122-X,General,,,769
,Internal Combustion Engines,V. Ganeshan,,,,,,,,,0-07-462122-X,General,,,770
,Chassis Engineering ,Herb Adams,,,,,,,,,1-55788-055-7,General,,,396
,Automobile Engineering ,G. B. S. Narang,,,,,,,,,,General,,,814
,The Automobile,Harbans Singh Reyat,,,,,,,,,81-219-0214-2,General,,,308
,Principals of Electricity & Electronics for the Automotive Technician,Norm Chapman,,,,,,,,,0-8273-8479-3,General,,,188
,Gasoline - Engine Management,BOSCH,,,,,,,,,0-7680-0509-8,General,,,405
,Diesel - Engine Management,BOSCH,,,,,,,,,0-7680-0509-4,General,,,393
,IC Engine Fundementals,John B. Heywood,,,,,,,,,0-07-028637-X,General,,,402
,Intoduction to Naval Architecture,Eric C. Tupper,,,,,,,,,978-81-312-0434-4,General,,,719
,Intoduction to Naval Architecture,Eric C. Tupper,,,,,,,,,978-81-312-0434-5,General,,,307
,Intoduction to Naval Architecture,Eric C. Tupper,,,,,,,,,978-81-312-0434-6,General,,,720
,Intoduction to Naval Architecture,Eric C. Tupper,,,,,,,,,978-81-312-0434-7,General,,,306
,Everyday Dialogues in English - A New Revised Edition,Robert J. Dixon,,,,,,,,,81-203-0566-3,General,,,443
,Handbook of tables for Applied Engineering Science,CRC Edition,,,,,,,,,,General,,,800
,Handbook of Physics,"B. Yavorsky , A. Detlaf",,,,,,,,,,General,,,799
,Engineering Science - Third Edition,John Bird,,,,,,,,,0-7506-4991-7,General,,,788
,At Home in the Universe,Stuart Kauffman,,,,,,,,,0-19-509599-5,General,,,472
,Customer Service for Dummies,"Karen Leland, Keith Bailey",,,,,,,,,,General,,,477
,Designing Schools and Schooling for the Handicapped,"Jack W. Birch , B. Kenneth Johnstone",,,,,,,,,0-398-03362-5,General,,,803
,Study Guide to Accompany Abnormaly Psychology,David J. Lutz,,,,,,,,,0-673-46910-7,General,,,465
,The Professional Engineer in Society,"Stephen Collins, John Ghey,Graham Mills",,,,,,,,,81-7649-680-4,General,,,468
,Creating Breakthrough Products,"Jonathan Cagan, Craid M. Vogel",,,,,,,,,81-297-0492-7,General,,,469
,The Psychology of Human-Computer Interaction,"Stuart K. Card, Thormas P. Morgan, Allen Newell",,,,,,,,,0-89859-243-7,General,,,761
,Handbook of The Psychology of Aging - Second Edition,"James E. Birren , K. Warner Schale",,,,,,,,,0-442-21401-4,General,,,754
,Human Factors In Transport Research,"D.J Oborne , J.A. Levis",,,,,,,,,0-12-523801-0,General,,,753
,Perspectives In Psychological Theory,"Bernard Kaplan, Seymour Wapner",,,,,,,,,,General,,,738
,Experimental Psycholinguistics- An Introduction,"Sam GlucksBerg, Kent State University",,,,,,,,,0-470-30840-0,General,,,756
,Experimental Psychology - Second Edition,Anne Myres,,,,,,,,,0-534-06618-6757,General,,,757
,"Psychology and Work| Productivity, Change and Employment","J. Richard Hackman, Lois Wladis Hoffman, Rudolf H. Moos, Samuel H. Osipow, Lois G. Tornatzky",,,,,,,,,0-912704-48-9,General,,,731
,The Processing of Information and Structure,Wendell R. Garner,,,,,,,,,0-470-29233-4,General,,,727
,Pollution Control In Process Industries,S. P. Mahajan,,,,,,,,,0-07-451772-4,General,,,461
,The encyclopedia of electroChemistry,Clifford A. Hampell,,,,,,,,,,General,,,414
,Applications of Mental Health Statistics,Morton Kramer,,,,,,,,,,General,,,749
,Physiological Psychology,G. L. Freeman,,,,,,,,,,General,,,748
,Handbook of Experimental Psychology,Herbert S. Langfeld,,,,,,,,,,General,,,762
,contemporarary issues in Conitive Psychology,Robert L. Solso,,,,,,,,,0-470-81229-X,General,,,734
,Human Information processing,Barry H. KantoWitz,,,,,,,,,0-470-45674-4,General,,,723
,Coding Processes In Human Memory,"Arthur W. Melton , Edwin Martin",,,,,,,,,0-470-59335-0,General,,,725
,Huaman Symmetry Perception and its  Computational Analysis,Q. W. Tyler,,,,,,,,,0-8058-4395-7,General,,,721
,Clinical Psychology,C. M. Louttit,,,,,,,,,,General,,,733
,The Psychology of Memory,Alan D. Baddeley,,,,,,,,,0-465-06736-0,General,,,739
,Theories in coginitive Psychology,Robert L. Solso,,,,,,,,,0-470-81228-1,General,,,729
,The Biology of Work,O. G. Edholm,,,,,,,,,,General,,,730
,contemporarary Approaches to Cognition,"Jerome S. Bruner, Egon Brunswik ,Leon Festinger , Fritz Heider, Karl F. MuenZinger , Chharles E. Osgood, David Rapaport",,,,,,,,,,General,,,732
,Systems and theories of Psychology,"J. P. Chaplin, T. S. Kraweic",,,,,,,,,,General,,,758
,Psychology Principles in System development,Robert M. Gagne,,,,,,,,,,General,,,741
,Cognition and Instruction,David KlahR,,,,,,,,,0-470-15226-5,General,,,742
,The Psychology of Thinking,Neil Bolton,,,,,,,,,,General,,,750
,Annual Review of Psychology - VOLUME 7 ,"Annual Reviews, INC.",,,,,,,,,,General,,,740
,The Psychology of Learning ,Bugelski,,,,,,,,,,General,,,744
,Psychological Issues- The Formation And Transformation of the Perceptual World,Ivo Kohler,,,,,,,,,,General,,,746
,Learning Language and Memory,"John W. Donahoe, Micheal G. wessels",,,,,,,,,0-06-041685-8,General,,,728
,Student Manual to Accompany Understanding Human Behaviour,James W. McConel,,,,,,,,,0-03-007826-1,General,,,747
,Man's Information System,Robert  M. W. Travers,,,,,,,,,8102-0017-1,General,,,745
,Introduction To Human information Processing,David E. Rumelhart,,,,,,,,,0-471-74500-6,General,,,787
,Biological Foundations of  Emotion,Ernst Gellhorn,,,,,,,,,,General,,,436
,Explorations In Cognition,"Donald R. Norman, David E. Rumelhart",,,,,,,,,0-7167-0736-5,General,,,735
,Human Information processing,Lawrence J. Fogel,,,,,,,,,,General,,,727
,Learning and Memory an Introduction,Jack A. Adams,,,,,,,,,0-256-02314-x,General,,,722
,Computers and the Human Mind,Donald G. Fink,,,,,,,,,,General,,,737
,Models of Thinking,Frank George,,,,,,,,,,General,,,759
,Foundations of Learning and Memory,"Roger M. Tarpy, Richard E. Mayer",,,,,,,,,0-673-15074-7,General,,,752
,The Chemistry of thinking,"George Humphrey, R. V. Coxon",,,,,,,,,,General,,,755
,Aviation Psychology ,Stanley N. Roscoe,,,,,,,,,0-8138-1925-3,General,,,726
,The concept of Dimension in  Research On Children's Learning,Stuart I. OffrnBach,,,,,,,,,,General,,,743
,Operations Management For Competitive Advatnage,"Richard B Chase, F Robert Jacob, Nicholas J Aquilano, Nitin K Agarwal",,,,,,,,,007-060448-7,General,,,684
,Engineering Economics - Fourth Edition,"James L. Riggs, David D. Bedworth, Sabha U. Randhawa",,,,,,,,,0-07-058670-5,General,,,697
,C++,Paulo Franca,,,,,,,,,81-7029-945-4,General,,,671
,Information Systems For You,Stephen Doyle,,,,,,,,,0-7487-4459-2,General,,,669
,Using Microsoft PowerPoint 2000,QUE,,,,,,,,,81-203-1574-X,General,,,364
,Numerical Methods with Computer Programs in C++,Pallab Ghosh,,,,,,,,,81-203-2987-2,General,,,674
,Manufacturing Planing & Control(Fifth Edition),"Thomas E. Vollmann, William L. Berry, D. Clay Whybark, F. Robert Jacobs",,,,,,,,,0-07-059839-8,General,,,302
,Behavioural Foundations of System Development,David Meister,,,,,,,,,0-471-59195-5,General,,,696
,Principles of Managerial Finance(Tenth Edition),Lawrence J. Gitman,,,,,,,,,81-297-0275-4,General,,,435
,Text Book of Work Study and Ergonomics,Suresh Dalela Saurabh,,,,,,,,,,General,,,300
,Introduction to Operations and Supply Chain Management,"Cecil C. Bozarath, Robert B. Handfield",,,,,,,,,81-317-0320-7,General,,,304
,Modern Production/Operations Management (Eighth Edition),"Elwood S. Buffa, Rakesh K. Sarin",,,,,,,,,9971-51-163-0,General,,,303
,Industrial Engineering and Management,Dr. Ravi Shankar,,,,,,,,,81-7515-313-X,General,,,305
,Personal and Human Resources Management,G.A.Cole,,,,,,,,,0-8264-6128-X,General,,,702
,Intermediate Modes of Transport,Lanka Forum on Rurla Transport Developent,,,,,,,,,955-8233-01-3,General,,,690
,Disaster Management- A Disaster Manager's Handbook,Nick Carter,,,,,,,,,971-561-006-4,General,,,439
,Psychology of System Design,David Meister,,,,,,,,,0-444-88378-9,General,,,901
,Computer Aided Simulations,"Lanka Udawatta,Buddhika Jayasekara",,,,,,,,,978-81-7319-904-2,General,,,678
,Maya 4.5,"John Kundert - Gibbs, Peter Lee",,,,,,,,,81-7656-745-0,General,,,376
,Visual Basic 6,Steve Brown,,,,,,,,,81-7656-026-X,General,,,397
,Creat Electronic Presentations (PowerPoint 2003),Cheryl Price,,,,,,,,,1-877364-17-7,General,,,672
,Build Your Own 486/486SX and Save Bundle(2nd Edition),Aubrey Pilgrim,,,,,,,,,0-8306-4217-X,General,,,475
,The Complete PC Upgrade & Maintainance Guide,Mark Minasi,,,,,,,,,81-7656-158-4,General,,,816
,"PC Viruses - Detection, Analysis & Cure",Springer - Verlag,,,,,,,,,3-540-19691-9,General,,,378
,Teach Yourself Linux(Third Edition),"Kevin Reichard, Eric F. Johnson",,,,,,,,,81-7029-617-X,General,,,442
,Microsoft Access 2002,Faithe Wempen,,,,,,,,,81-203-1893-5,General,,,454
,Introduction to Expert Systems(Third Edition),Peter Jackson,,,,,,,,,81-7808-499-6,General,,,434
,Using the Internet(Fourth Edition),Barbara Kasser,,,,,,,,,81-203-1647-9,General,,,380
,Teach Yourself Macromedia Flash MX,Phillip Kerman,,,,,,,,,81-7808-765-0,General,,,446
,3ds max 4 - Fundementals,Ted Boardman,,,,,,,,,81-7635-532-1,General,,,462
,Information Technology Principles and Applications,"Ajoy Kumar Ray, Tinku Acharya",,,,,,,,,81-203-2184-7,General,,,366
,Learn C in Three Days,Sam A. Abolrous,,,,,,,,,81-7029-170-4,General,,,673
,C Pearls,Yashavant P. Kanetkar,,,,,,,,,81-7029-859-8,General,,,466
,Build Your Own 386/386SX and Save a Bundle(2nd Edition),Aubrey Pilgrim,,,,,,,,,0-8306-3750-8,General,,,372